,t-score,p-value
Phenotype_A,-214.51904950642745,0.0
Phenotype_B,16.459522319580152,7.43749727432583e-61
Phenotype_C,-69.01605620036698,0.0
Phenotype_D,162.22330788038917,0.0
Phenotype_E,-455.6304520533635,0.0
