"","row","baseMean","log2FoldChange","lfcSE","stat","pvalue","padj"
"12670","ENSG00000169903",110127.138291376,16.1480357224739,0.465697018023418,34.6749820108615,1.87770624842273e-263,2.84397388386107e-259
"19758","ENSG00000215086",110409.920879607,16.1467186511109,0.469556740801918,34.3871512174124,3.92409763253786e-259,2.97171913712092e-255
"34097","ENSG00000270241",110672.367232801,16.3958880645649,0.501512283544323,32.6928942770667,1.97064543316483e-234,9.94913191023819e-231
"34558","ENSG00000271138",111182.840361674,16.5427438455161,0.516152943011741,32.0500814138337,2.18961203647394e-225,8.29096597610859e-222
"14893","ENSG00000181240",110623.138205643,16.530213738918,0.51642363636998,32.0090185164866,8.16804869657962e-225,2.4742653111679e-221
"2069","ENSG00000096872",110109.57476664,16.6728722506131,0.539336151898339,30.9136930501107,7.81954425567125e-210,1.97391362160661e-206
